Prefix,Region
AB1,Scotland
AB10,Scotland
AB11,Scotland
AB12,Scotland
AB13,Scotland
AB14,Scotland
AB15,Scotland
AB16,Scotland
AB2,Scotland
AB21,Scotland
AB22,Scotland
AB23,Scotland
AB24,Scotland
AB25,Scotland
AB3,Scotland
AB30,Scotland
AB31,Scotland
AB32,Scotland
AB33,Scotland
AB34,Scotland
AB35,Scotland
AB36,Scotland
AB37,Scotland
AB38,Scotland
AB39,Scotland
AB4,Scotland
AB41,Scotland
AB42,Scotland
AB43,Scotland
AB44,Scotland
AB45,Scotland
AB5,Scotland
AB51,Scotland
AB52,Scotland
AB53,Scotland
AB54,Scotland
AB55,Scotland
AB56,Scotland
AB9,Scotland
AB99,Scotland
AL1,East of England
AL10,East of England
AL2,East of England
AL3,East of England
AL4,East of England
AL5,East of England
AL6,East of England
AL7,East of England
AL8,East of England
AL9,East of England
B1,West Midlands
B10,West Midlands
B11,West Midlands
B12,West Midlands
B13,West Midlands
B14,West Midlands
B15,West Midlands
B16,West Midlands
B17,West Midlands
B18,West Midlands
B19,West Midlands
B2,West Midlands
B20,West Midlands
B21,West Midlands
B22,West Midlands
B23,West Midlands
B24,West Midlands
B25,West Midlands
B26,West Midlands
B27,West Midlands
B28,West Midlands
B29,West Midlands
B3,West Midlands
B30,West Midlands
B31,West Midlands
B32,West Midlands
B33,West Midlands
B34,West Midlands
B35,West Midlands
B36,West Midlands
B37,West Midlands
B38,West Midlands
B4,West Midlands
B40,West Midlands
B42,West Midlands
B43,West Midlands
B44,West Midlands
B45,West Midlands
B46,West Midlands
B47,West Midlands
B48,West Midlands
B49,West Midlands
B5,West Midlands
B50,West Midlands
B6,West Midlands
B60,West Midlands
B61,West Midlands
B62,West Midlands
B63,West Midlands
B64,West Midlands
B65,West Midlands
B66,West Midlands
B67,West Midlands
B68,West Midlands
B69,West Midlands
B7,West Midlands
B70,West Midlands
B71,West Midlands
B72,West Midlands
B73,West Midlands
B74,West Midlands
B75,West Midlands
B76,West Midlands
B77,West Midlands
B78,West Midlands
B79,West Midlands
B8,West Midlands
B80,West Midlands
B9,West Midlands
B90,West Midlands
B91,West Midlands
B92,West Midlands
B93,West Midlands
B94,West Midlands
B95,West Midlands
B96,West Midlands
B97,West Midlands
B98,West Midlands
B99,West Midlands
BA1,South West England
BA10,South West England
BA11,South West England
BA12,South West England
BA13,South West England
BA14,South West England
BA15,South West England
BA16,South West England
BA2,South West England
BA20,South West England
BA21,South West England
BA22,South West England
BA3,South West England
BA4,South West England
BA5,South West England
BA6,South West England
BA7,South West England
BA8,South West England
BA9,South West England
BB0,North West England
BB1,North West England
BB10,North West England
BB11,North West England
BB12,North West England
BB18,North West England
BB2,North West England
BB3,North West England
BB4,North West England
BB5,North West England
BB6,North West England
BB7,North West England
BB8,North West England
BB9,North West England
BB94,North West England
BD1,Yorkshire and the Humber
BD10,Yorkshire and the Humber
BD11,Yorkshire and the Humber
BD12,Yorkshire and the Humber
BD13,Yorkshire and the Humber
BD14,Yorkshire and the Humber
BD15,Yorkshire and the Humber
BD16,Yorkshire and the Humber
BD17,Yorkshire and the Humber
BD18,Yorkshire and the Humber
BD19,Yorkshire and the Humber
BD2,Yorkshire and the Humber
BD20,Yorkshire and the Humber
BD21,Yorkshire and the Humber
BD22,Yorkshire and the Humber
BD23,Yorkshire and the Humber
BD24,Yorkshire and the Humber
BD3,Yorkshire and the Humber
BD4,Yorkshire and the Humber
BD5,Yorkshire and the Humber
BD6,Yorkshire and the Humber
BD7,Yorkshire and the Humber
BD8,Yorkshire and the Humber
BD9,Yorkshire and the Humber
BD97,Yorkshire and the Humber
BD98,Yorkshire and the Humber
BD99,Yorkshire and the Humber
BH1,South West England
BH10,South West England
BH11,South West England
BH12,South West England
BH13,South West England
BH14,South West England
BH15,South West England
BH16,South West England
BH17,South West England
BH18,South West England
BH19,South West England
BH2,South West England
BH20,South West England
BH21,South West England
BH22,South West England
BH23,South West England
BH24,South East England
BH25,South East England
BH3,South West England
BH31,South West England
BH4,South West England
BH5,South West England
BH6,South West England
BH7,South West England
BH8,South West England
BH9,South West England
BL0,North West England
BL1,North West England
BL11,North West England
BL2,North West England
BL3,North West England
BL4,North West England
BL5,North West England
BL6,North West England
BL7,North West England
BL78,North West England
BL8,North West England
BL9,North West England
BN1,South East England
BN10,South East England
BN11,South East England
BN12,South East England
BN13,South East England
BN14,South East England
BN15,South East England
BN16,South East England
BN17,South East England
BN18,South East England
BN2,South East England
BN20,South East England
BN21,South East England
BN22,South East England
BN23,South East England
BN24,South East England
BN25,South East England
BN26,South East England
BN27,South East England
BN3,South East England
BN4,South East England
BN41,South East England
BN42,South East England
BN43,South East England
BN44,South East England
BN45,South East England
BN5,South East England
BN50,South East England
BN51,South East England
BN52,South East England
BN6,South East England
BN7,South East England
BN8,South East England
BN88,South East England
BN9,South East England
BN99,South East England
BR1,London
BR2,London
BR3,London
BR4,London
BR5,London
BR6,London
BR7,London
BR8,South East England
BS0,South West England
BS1,South West England
BS10,South West England
BS11,South West England
BS12,South West England
BS13,South West England
BS14,South West England
BS15,South West England
BS16,South West England
BS17,South West England
BS18,South West England
BS19,South West England
BS2,South West England
BS20,South West England
BS21,South West England
BS22,South West England
BS23,South West England
BS24,South West England
BS25,South West England
BS26,South West England
BS27,South West England
BS28,South West England
BS29,South West England
BS3,South West England
BS30,South West England
BS31,South West England
BS32,South West England
BS34,South West England
BS35,South West England
BS36,South West England
BS37,South West England
BS39,South West England
BS4,South West England
BS40,South West England
BS41,South West England
BS48,South West England
BS49,South West England
BS5,South West England
BS6,South West England
BS7,South West England
BS77,South West England
BS8,South West England
BS80,South West England
BS9,South West England
BS98,South West England
BS99,South West England
BT1,Northern Ireland
BT10,Northern Ireland
BT11,Northern Ireland
BT12,Northern Ireland
BT13,Northern Ireland
BT14,Northern Ireland
BT15,Northern Ireland
BT16,Northern Ireland
BT17,Northern Ireland
BT18,Northern Ireland
BT19,Northern Ireland
BT2,Northern Ireland
BT20,Northern Ireland
BT21,Northern Ireland
BT22,Northern Ireland
BT23,Northern Ireland
BT24,Northern Ireland
BT25,Northern Ireland
BT26,Northern Ireland
BT27,Northern Ireland
BT28,Northern Ireland
BT29,Northern Ireland
BT3,Northern Ireland
BT30,Northern Ireland
BT31,Northern Ireland
BT32,Northern Ireland
BT33,Northern Ireland
BT34,Northern Ireland
BT35,Northern Ireland
BT36,Northern Ireland
BT37,Northern Ireland
BT38,Northern Ireland
BT39,Northern Ireland
BT4,Northern Ireland
BT40,Northern Ireland
BT41,Northern Ireland
BT42,Northern Ireland
BT43,Northern Ireland
BT44,Northern Ireland
BT45,Northern Ireland
BT46,Northern Ireland
BT47,Northern Ireland
BT48,Northern Ireland
BT49,Northern Ireland
BT5,Northern Ireland
BT51,Northern Ireland
BT52,Northern Ireland
BT53,Northern Ireland
BT54,Northern Ireland
BT55,Northern Ireland
BT56,Northern Ireland
BT57,Northern Ireland
BT6,Northern Ireland
BT60,Northern Ireland
BT61,Northern Ireland
BT62,Northern Ireland
BT63,Northern Ireland
BT64,Northern Ireland
BT65,Northern Ireland
BT66,Northern Ireland
BT67,Northern Ireland
BT68,Northern Ireland
BT69,Northern Ireland
BT7,Northern Ireland
BT70,Northern Ireland
BT71,Northern Ireland
BT74,Northern Ireland
BT75,Northern Ireland
BT76,Northern Ireland
BT77,Northern Ireland
BT78,Northern Ireland
BT79,Northern Ireland
BT8,Northern Ireland
BT80,Northern Ireland
BT81,Northern Ireland
BT82,Northern Ireland
BT9,Northern Ireland
BT92,Northern Ireland
BT93,Northern Ireland
BT94,Northern Ireland
BT99,Northern Ireland
CA1,North West England
CA10,North West England
CA11,North West England
CA12,North West England
CA13,North West England
CA14,North West England
CA15,North West England
CA16,North West England
CA17,North West England
CA18,North West England
CA19,North West England
CA2,North West England
CA20,North West England
CA21,North West England
CA22,North West England
CA23,North West England
CA24,North West England
CA25,North West England
CA26,North West England
CA27,North West England
CA28,North West England
CA3,North West England
CA4,North West England
CA5,North West England
CA6,North West England
CA7,North West England
CA8,North West England
CA9,North West England
CA95,North West England
CA99,North West England
CB1,East of England
CB10,East of England
CB11,East of England
CB2,East of England
CB21,East of England
CB22,East of England
CB23,East of England
CB24,East of England
CB25,East of England
CB3,East of England
CB4,East of England
CB5,East of England
CB6,East of England
CB7,East of England
CB8,East of England
CB9,East of England
CF1,Wales
CF10,Wales
CF11,Wales
CF14,Wales
CF15,Wales
CF2,Wales
CF23,Wales
CF24,Wales
CF3,Wales
CF30,Wales
CF31,Wales
CF32,Wales
CF33,Wales
CF34,Wales
CF35,Wales
CF36,Wales
CF37,Wales
CF38,Wales
CF39,Wales
CF4,Wales
CF40,Wales
CF41,Wales
CF42,Wales
CF43,Wales
CF44,Wales
CF45,Wales
CF46,Wales
CF47,Wales
CF48,Wales
CF5,Wales
CF6,Wales
CF61,Wales
CF62,Wales
CF63,Wales
CF64,Wales
CF7,Wales
CF71,Wales
CF72,Wales
CF8,Wales
CF81,Wales
CF82,Wales
CF83,Wales
CF91,Wales
CF95,Wales
CF99,Wales
CH1,North West England
CH2,North West England
CH25,North West England
CH26,North West England
CH27,North West England
CH28,North West England
CH29,North West England
CH3,North West England
CH30,North West England
CH31,North West England
CH32,North West England
CH33,North West England
CH34,North West England
CH4,North West England
CH41,North West England
CH42,North West England
CH43,North West England
CH44,North West England
CH45,North West England
CH46,North West England
CH47,North West England
CH48,North West England
CH49,North West England
CH5,Wales
CH6,Wales
CH60,North West England
CH61,North West England
CH62,North West England
CH63,North West England
CH64,North West England
CH65,North West England
CH66,North West England
CH7,Wales
CH70,North West England
CH8,Wales
CH88,North West England
CH99,North West England
CM0,East of England
CM1,East of England
CM11,East of England
CM12,East of England
CM13,East of England
CM14,East of England
CM15,East of England
CM16,East of England
CM17,East of England
CM18,East of England
CM19,East of England
CM2,East of England
CM20,East of England
CM21,East of England
CM22,East of England
CM23,East of England
CM24,East of England
CM3,East of England
CM4,East of England
CM5,East of England
CM6,East of England
CM7,East of England
CM77,East of England
CM8,East of England
CM9,East of England
CM92,East of England
CM98,East of England
CM99,East of England
CO1,East of England
CO10,East of England
CO11,East of England
CO12,East of England
CO13,East of England
CO14,East of England
CO15,East of England
CO16,East of England
CO2,East of England
CO3,East of England
CO4,East of England
CO5,East of England
CO6,East of England
CO7,East of England
CO8,East of England
CO9,East of England
CR0,London
CR2,London
CR3,South East England
CR4,London
CR44,London
CR5,London
CR6,South East England
CR7,London
CR8,London
CR9,London
CR90,London
CT1,South East England
CT10,South East England
CT11,South East England
CT12,South East England
CT13,South East England
CT14,South East England
CT15,South East England
CT16,South East England
CT17,South East England
CT18,South East England
CT19,South East England
CT2,South East England
CT20,South East England
CT21,South East England
CT3,South East England
CT4,South East England
CT5,South East England
CT50,South East England
CT6,South East England
CT7,South East England
CT8,South East England
CT9,South East England
CV1,West Midlands
CV10,West Midlands
CV11,West Midlands
CV12,West Midlands
CV13,East Midlands
CV2,West Midlands
CV21,West Midlands
CV22,West Midlands
CV23,West Midlands
CV3,West Midlands
CV31,West Midlands
CV32,West Midlands
CV33,West Midlands
CV34,West Midlands
CV35,West Midlands
CV36,West Midlands
CV37,West Midlands
CV4,West Midlands
CV47,West Midlands
CV5,West Midlands
CV6,West Midlands
CV7,West Midlands
CV8,West Midlands
CV9,West Midlands
CW1,North West England
CW10,North West England
CW11,North West England
CW12,North West England
CW2,North West England
CW3,West Midlands
CW4,North West England
CW5,North West England
CW6,North West England
CW7,North West England
CW8,North West England
CW9,North West England
CW98,North West England
DA1,South East England
DA10,South East England
DA11,South East England
DA12,South East England
DA13,South East England
DA14,London
DA15,London
DA16,London
DA17,London
DA18,London
DA2,South East England
DA3,South East England
DA4,South East England
DA5,London
DA6,London
DA7,London
DA8,London
DA9,South East England
DD1,Scotland
DD10,Scotland
DD11,Scotland
DD2,Scotland
DD3,Scotland
DD4,Scotland
DD5,Scotland
DD6,Scotland
DD7,Scotland
DD8,Scotland
DD9,Scotland
DE1,East Midlands
DE11,East Midlands
DE12,East Midlands
DE13,West Midlands
DE14,West Midlands
DE15,West Midlands
DE2,East Midlands
DE21,East Midlands
DE22,East Midlands
DE23,East Midlands
DE24,East Midlands
DE3,East Midlands
DE4,East Midlands
DE45,East Midlands
DE5,East Midlands
DE55,East Midlands
DE56,East Midlands
DE6,East Midlands
DE65,East Midlands
DE7,East Midlands
DE72,East Midlands
DE73,East Midlands
DE74,East Midlands
DE75,East Midlands
DE99,East Midlands
DG1,Scotland
DG10,Scotland
DG11,Scotland
DG12,Scotland
DG13,Scotland
DG14,Scotland
DG16,Scotland
DG2,Scotland
DG3,Scotland
DG4,Scotland
DG5,Scotland
DG6,Scotland
DG7,Scotland
DG8,Scotland
DG9,Scotland
DH1,North East England
DH2,North East England
DH3,North East England
DH4,North East England
DH5,North East England
DH6,North East England
DH7,North East England
DH8,North East England
DH9,North East England
DH97,North East England
DH98,North East England
DH99,North East England
DL1,North East England
DL10,Yorkshire and the Humber
DL11,Yorkshire and the Humber
DL12,North East England
DL13,North East England
DL14,North East England
DL15,North East England
DL16,North East England
DL17,North East England
DL2,North East England
DL3,North East England
DL4,North East England
DL5,North East England
DL6,Yorkshire and the Humber
DL7,Yorkshire and the Humber
DL8,Yorkshire and the Humber
DL9,Yorkshire and the Humber
DL98,North East England
DN1,Yorkshire and the Humber
DN10,East Midlands
DN11,Yorkshire and the Humber
DN12,Yorkshire and the Humber
DN14,Yorkshire and the Humber
DN15,Yorkshire and the Humber
DN16,Yorkshire and the Humber
DN17,Yorkshire and the Humber
DN18,Yorkshire and the Humber
DN19,Yorkshire and the Humber
DN2,Yorkshire and the Humber
DN20,Yorkshire and the Humber
DN21,East Midlands
DN22,East Midlands
DN3,Yorkshire and the Humber
DN31,Yorkshire and the Humber
DN32,Yorkshire and the Humber
DN33,Yorkshire and the Humber
DN34,Yorkshire and the Humber
DN35,Yorkshire and the Humber
DN36,Yorkshire and the Humber
DN37,Yorkshire and the Humber
DN38,Yorkshire and the Humber
DN39,Yorkshire and the Humber
DN4,Yorkshire and the Humber
DN40,Yorkshire and the Humber
DN41,Yorkshire and the Humber
DN5,Yorkshire and the Humber
DN55,Yorkshire and the Humber
DN6,Yorkshire and the Humber
DN7,Yorkshire and the Humber
DN8,Yorkshire and the Humber
DN9,Yorkshire and the Humber
DT1,South West England
DT10,South West England
DT11,South West England
DT2,South West England
DT3,South West England
DT4,South West England
DT5,South West England
DT6,South West England
DT7,South West England
DT8,South West England
DT9,South West England
DY1,West Midlands
DY10,West Midlands
DY11,West Midlands
DY12,West Midlands
DY13,West Midlands
DY14,West Midlands
DY2,West Midlands
DY3,West Midlands
DY4,West Midlands
DY5,West Midlands
DY6,West Midlands
DY7,West Midlands
DY8,West Midlands
DY9,West Midlands
E1,London
E10,London
E11,London
E12,London
E13,London
E14,London
E15,London
E16,London
E17,London
E18,London
E1W,London
E2,London
E20,London
E3,London
E4,London
E5,London
E6,London
E7,London
E77,London
E8,London
E9,London
E98,London
EC1A,London
EC1M,London
EC1N,London
EC1P,London
EC1R,London
EC1V,London
EC1Y,London
EC2A,London
EC2M,London
EC2N,London
EC2P,London
EC2R,London
EC2V,London
EC2Y,London
EC3A,London
EC3B,London
EC3M,London
EC3N,London
EC3P,London
EC3R,London
EC3V,London
EC4A,London
EC4M,London
EC4N,London
EC4P,London
EC4R,London
EC4V,London
EC4Y,London
EC50,London
EC88,London
EH1,Scotland
EH10,Scotland
EH11,Scotland
EH12,Scotland
EH13,Scotland
EH14,Scotland
EH15,Scotland
EH16,Scotland
EH17,Scotland
EH18,Scotland
EH19,Scotland
EH2,Scotland
EH20,Scotland
EH21,Scotland
EH22,Scotland
EH23,Scotland
EH24,Scotland
EH25,Scotland
EH26,Scotland
EH27,Scotland
EH28,Scotland
EH29,Scotland
EH3,Scotland
EH30,Scotland
EH31,Scotland
EH32,Scotland
EH33,Scotland
EH34,Scotland
EH35,Scotland
EH36,Scotland
EH37,Scotland
EH38,Scotland
EH39,Scotland
EH4,Scotland
EH40,Scotland
EH41,Scotland
EH42,Scotland
EH43,Scotland
EH44,Scotland
EH45,Scotland
EH46,Scotland
EH47,Scotland
EH48,Scotland
EH49,Scotland
EH5,Scotland
EH51,Scotland
EH52,Scotland
EH53,Scotland
EH54,Scotland
EH55,Scotland
EH6,Scotland
EH7,Scotland
EH8,Scotland
EH9,Scotland
EH91,Scotland
EH95,Scotland
EH99,Scotland
EN1,London
EN10,East of England
EN11,East of England
EN2,London
EN3,London
EN4,London
EN5,London
EN6,East of England
EN7,East of England
EN8,East of England
EN9,East of England
EX1,South West England
EX10,South West England
EX11,South West England
EX12,South West England
EX13,South West England
EX14,South West England
EX15,South West England
EX16,South West England
EX17,South West England
EX18,South West England
EX19,South West England
EX2,South West England
EX20,South West England
EX21,South West England
EX22,South West England
EX23,South West England
EX24,South West England
EX3,South West England
EX31,South West England
EX32,South West England
EX33,South West England
EX34,South West England
EX35,South West England
EX36,South West England
EX37,South West England
EX38,South West England
EX39,South West England
EX4,South West England
EX5,South West England
EX6,South West England
EX7,South West England
EX8,South West England
EX9,South West England
FK1,Scotland
FK10,Scotland
FK11,Scotland
FK12,Scotland
FK13,Scotland
FK14,Scotland
FK15,Scotland
FK16,Scotland
FK17,Scotland
FK18,Scotland
FK19,Scotland
FK2,Scotland
FK20,Scotland
FK21,Scotland
FK3,Scotland
FK4,Scotland
FK5,Scotland
FK6,Scotland
FK7,Scotland
FK8,Scotland
FK9,Scotland
FY0,North West England
FY1,North West England
FY2,North West England
FY3,North West England
FY4,North West England
FY5,North West England
FY6,North West England
FY7,North West England
FY8,North West England
G1,Scotland
G11,Scotland
G12,Scotland
G13,Scotland
G14,Scotland
G15,Scotland
G2,Scotland
G20,Scotland
G21,Scotland
G22,Scotland
G23,Scotland
G3,Scotland
G31,Scotland
G32,Scotland
G33,Scotland
G34,Scotland
G4,Scotland
G40,Scotland
G41,Scotland
G42,Scotland
G43,Scotland
G44,Scotland
G45,Scotland
G46,Scotland
G5,Scotland
G51,Scotland
G52,Scotland
G53,Scotland
G58,Scotland
G60,Scotland
G61,Scotland
G62,Scotland
G63,Scotland
G64,Scotland
G65,Scotland
G66,Scotland
G67,Scotland
G68,Scotland
G69,Scotland
G70,Scotland
G71,Scotland
G72,Scotland
G73,Scotland
G74,Scotland
G75,Scotland
G76,Scotland
G77,Scotland
G78,Scotland
G79,Scotland
G80,Scotland
G81,Scotland
G82,Scotland
G83,Scotland
G84,Scotland
G9,Scotland
G90,Scotland
GL1,South West England
GL10,South West England
GL11,South West England
GL12,South West England
GL13,South West England
GL14,South West England
GL15,South West England
GL16,South West England
GL17,South West England
GL18,South West England
GL19,South West England
GL2,South West England
GL20,South West England
GL3,South West England
GL4,South West England
GL5,South West England
GL50,South West England
GL51,South West England
GL52,South West England
GL53,South West England
GL54,South West England
GL55,South West England
GL56,South West England
GL6,South West England
GL7,South West England
GL8,South West England
GL9,South West England
GU1,South East England
GU10,South East England
GU11,South East England
GU12,South East England
GU13,South East England
GU14,South East England
GU15,South East England
GU16,South East England
GU17,South East England
GU18,South East England
GU19,South East England
GU2,South East England
GU20,South East England
GU21,South East England
GU22,South East England
GU23,South East England
GU24,South East England
GU25,South East England
GU26,South East England
GU27,South East England
GU28,South East England
GU29,South East England
GU3,South East England
GU30,South East England
GU31,South East England
GU32,South East England
GU33,South East England
GU34,South East England
GU35,South East England
GU4,South East England
GU46,South East England
GU47,South East England
GU5,South East England
GU51,South East England
GU52,South East England
GU6,South East England
GU7,South East England
GU8,South East England
GU9,South East England
GU95,South East England
GY1,Channel Islands
GY10,Channel Islands
GY2,Channel Islands
GY3,Channel Islands
GY4,Channel Islands
GY5,Channel Islands
GY6,Channel Islands
GY7,Channel Islands
GY8,Channel Islands
GY9,Channel Islands
HA0,London
HA1,London
HA2,London
HA3,London
HA4,London
HA5,London
HA6,London
HA7,London
HA8,London
HA9,London
HD1,Yorkshire and the Humber
HD2,Yorkshire and the Humber
HD3,Yorkshire and the Humber
HD4,Yorkshire and the Humber
HD5,Yorkshire and the Humber
HD6,Yorkshire and the Humber
HD7,Yorkshire and the Humber
HD8,Yorkshire and the Humber
HD9,Yorkshire and the Humber
HG1,Yorkshire and the Humber
HG2,Yorkshire and the Humber
HG3,Yorkshire and the Humber
HG4,Yorkshire and the Humber
HG5,Yorkshire and the Humber
HP1,East of England
HP10,South East England
HP11,South East England
HP12,South East England
HP13,South East England
HP14,South East England
HP15,South East England
HP16,South East England
HP17,South East England
HP18,South East England
HP19,South East England
HP2,East of England
HP20,South East England
HP21,South East England
HP22,South East England
HP23,East of England
HP27,South East England
HP3,East of England
HP4,East of England
HP5,South East England
HP6,South East England
HP7,South East England
HP8,South East England
HP9,South East England
HR1,West Midlands
HR2,West Midlands
HR3,West Midlands
HR4,West Midlands
HR5,West Midlands
HR6,West Midlands
HR7,West Midlands
HR8,West Midlands
HR9,West Midlands
HS1,Scotland
HS2,Scotland
HS3,Scotland
HS4,Scotland
HS5,Scotland
HS6,Scotland
HS7,Scotland
HS8,Scotland
HS9,Scotland
HU1,Yorkshire and the Humber
HU10,Yorkshire and the Humber
HU11,Yorkshire and the Humber
HU12,Yorkshire and the Humber
HU13,Yorkshire and the Humber
HU14,Yorkshire and the Humber
HU15,Yorkshire and the Humber
HU16,Yorkshire and the Humber
HU17,Yorkshire and the Humber
HU18,Yorkshire and the Humber
HU19,Yorkshire and the Humber
HU2,Yorkshire and the Humber
HU20,Yorkshire and the Humber
HU3,Yorkshire and the Humber
HU4,Yorkshire and the Humber
HU5,Yorkshire and the Humber
HU6,Yorkshire and the Humber
HU7,Yorkshire and the Humber
HU8,Yorkshire and the Humber
HU9,Yorkshire and the Humber
HX1,Yorkshire and the Humber
HX2,Yorkshire and the Humber
HX3,Yorkshire and the Humber
HX4,Yorkshire and the Humber
HX5,Yorkshire and the Humber
HX6,Yorkshire and the Humber
HX7,Yorkshire and the Humber
IG1,London
IG10,East of England
IG11,London
IG2,London
IG3,London
IG4,London
IG5,London
IG6,London
IG7,East of England
IG8,London
IG9,East of England
IM1,Isle of Man
IM2,Isle of Man
IP1,East of England
IP10,East of England
IP11,East of England
IP12,East of England
IP13,East of England
IP14,East of England
IP15,East of England
IP16,East of England
IP17,East of England
IP18,East of England
IP19,East of England
IP2,East of England
IP20,East of England
IP21,East of England
IP22,East of England
IP23,East of England
IP24,East of England
IP25,East of England
IP26,East of England
IP27,East of England
IP28,East of England
IP29,East of England
IP3,East of England
IP30,East of England
IP31,East of England
IP32,East of England
IP33,East of England
IP4,East of England
IP5,East of England
IP6,East of England
IP7,East of England
IP8,East of England
IP9,East of England
IP98,East of England
IV1,Scotland
IV10,Scotland
IV11,Scotland
IV12,Scotland
IV13,Scotland
IV14,Scotland
IV15,Scotland
IV16,Scotland
IV17,Scotland
IV18,Scotland
IV19,Scotland
IV2,Scotland
IV20,Scotland
IV21,Scotland
IV22,Scotland
IV23,Scotland
IV24,Scotland
IV25,Scotland
IV26,Scotland
IV27,Scotland
IV28,Scotland
IV3,Scotland
IV30,Scotland
IV31,Scotland
IV32,Scotland
IV33,Scotland
IV34,Scotland
IV35,Scotland
IV36,Scotland
IV4,Scotland
IV40,Scotland
IV41,Scotland
IV42,Scotland
IV43,Scotland
IV44,Scotland
IV45,Scotland
IV46,Scotland
IV47,Scotland
IV48,Scotland
IV49,Scotland
IV5,Scotland
IV51,Scotland
IV52,Scotland
IV53,Scotland
IV54,Scotland
IV55,Scotland
IV56,Scotland
IV6,Scotland
IV63,Scotland
IV7,Scotland
IV8,Scotland
IV9,Scotland
IV99,Scotland
JE1,Channel Islands
JE2,Channel Islands
JE3,Channel Islands
JE4,Channel Islands
JE5,Channel Islands
KA1,Scotland
KA10,Scotland
KA11,Scotland
KA12,Scotland
KA13,Scotland
KA14,Scotland
KA15,Scotland
KA16,Scotland
KA17,Scotland
KA18,Scotland
KA19,Scotland
KA2,Scotland
KA20,Scotland
KA21,Scotland
KA22,Scotland
KA23,Scotland
KA24,Scotland
KA25,Scotland
KA26,Scotland
KA27,Scotland
KA28,Scotland
KA29,Scotland
KA3,Scotland
KA30,Scotland
KA4,Scotland
KA5,Scotland
KA6,Scotland
KA7,Scotland
KA8,Scotland
KA9,Scotland
KT1,London
KT10,South East England
KT11,South East England
KT12,South East England
KT13,South East England
KT14,South East England
KT15,South East England
KT16,South East England
KT17,South East England
KT18,South East England
KT19,South East England
KT2,London
KT20,South East England
KT21,South East England
KT22,South East England
KT23,South East England
KT24,South East England
KT3,London
KT4,London
KT5,London
KT6,London
KT7,South East England
KT8,South East England
KT9,London
KW1,Scotland
KW10,Scotland
KW11,Scotland
KW12,Scotland
KW13,Scotland
KW14,Scotland
KW15,Scotland
KW16,Scotland
KW17,Scotland
KW2,Scotland
KW3,Scotland
KW5,Scotland
KW6,Scotland
KW7,Scotland
KW8,Scotland
KW9,Scotland
KY1,Scotland
KY10,Scotland
KY11,Scotland
KY12,Scotland
KY13,Scotland
KY14,Scotland
KY15,Scotland
KY16,Scotland
KY2,Scotland
KY3,Scotland
KY4,Scotland
KY5,Scotland
KY6,Scotland
KY7,Scotland
KY8,Scotland
KY9,Scotland
KY99,Scotland
L1,North West England
L10,North West England
L11,North West England
L12,North West England
L13,North West England
L14,North West England
L15,North West England
L16,North West England
L17,North West England
L18,North West England
L19,North West England
L2,North West England
L20,North West England
L21,North West England
L22,North West England
L23,North West England
L24,North West England
L25,North West England
L26,North West England
L27,North West England
L28,North West England
L29,North West England
L3,North West England
L30,North West England
L31,North West England
L32,North West England
L33,North West England
L34,North West England
L35,North West England
L36,North West England
L37,North West England
L38,North West England
L39,North West England
L4,North West England
L40,North West England
L41,North West England
L42,North West England
L43,North West England
L44,North West England
L45,North West England
L46,North West England
L47,North West England
L48,North West England
L49,North West England
L5,North West England
L6,North West England
L60,North West England
L61,North West England
L62,North West England
L63,North West England
L64,North West England
L65,North West England
L66,North West England
L67,North West England
L68,North West England
L69,North West England
L7,North West England
L70,North West England
L71,North West England
L72,North West England
L73,North West England
L74,North West England
L75,North West England
L8,North West England
L80,North West England
L9,North West England
LA1,North West England
LA10,North West England
LA11,North West England
LA12,North West England
LA13,North West England
LA14,North West England
LA15,North West England
LA16,North West England
LA17,North West England
LA18,North West England
LA19,North West England
LA2,North West England
LA20,North West England
LA21,North West England
LA22,North West England
LA23,North West England
LA3,North West England
LA4,North West England
LA5,North West England
LA6,North West England
LA7,North West England
LA8,North West England
LA9,North West England
LD1,Wales
LD2,Wales
LD3,Wales
LD4,Wales
LD5,Wales
LD6,Wales
LD7,Wales
LD8,Wales
LE1,East Midlands
LE10,East Midlands
LE11,East Midlands
LE12,East Midlands
LE13,East Midlands
LE14,East Midlands
LE15,East Midlands
LE16,East Midlands
LE17,East Midlands
LE18,East Midlands
LE19,East Midlands
LE2,East Midlands
LE21,East Midlands
LE3,East Midlands
LE4,East Midlands
LE41,East Midlands
LE5,East Midlands
LE55,East Midlands
LE6,East Midlands
LE65,East Midlands
LE67,East Midlands
LE7,East Midlands
LE8,East Midlands
LE87,East Midlands
LE9,East Midlands
LE94,East Midlands
LE95,East Midlands
LL11,Wales
LL12,Wales
LL13,Wales
LL14,Wales
LL15,Wales
LL16,Wales
LL17,Wales
LL18,Wales
LL19,Wales
LL20,Wales
LL21,Wales
LL22,Wales
LL23,Wales
LL24,Wales
LL25,Wales
LL26,Wales
LL27,Wales
LL28,Wales
LL29,Wales
LL30,Wales
LL31,Wales
LL32,Wales
LL33,Wales
LL34,Wales
LL35,Wales
LL36,Wales
LL37,Wales
LL38,Wales
LL39,Wales
LL40,Wales
LL41,Wales
LL42,Wales
LL43,Wales
LL44,Wales
LL45,Wales
LL46,Wales
LL47,Wales
LL48,Wales
LL49,Wales
LL51,Wales
LL52,Wales
LL53,Wales
LL54,Wales
LL55,Wales
LL56,Wales
LL57,Wales
LL58,Wales
LL59,Wales
LL60,Wales
LL61,Wales
LL62,Wales
LL63,Wales
LL64,Wales
LL65,Wales
LL66,Wales
LL67,Wales
LL68,Wales
LL69,Wales
LL70,Wales
LL71,Wales
LL72,Wales
LL73,Wales
LL74,Wales
LL75,Wales
LL76,Wales
LL77,Wales
LL78,Wales
LN1,East Midlands
LN10,East Midlands
LN11,East Midlands
LN12,East Midlands
LN13,East Midlands
LN2,East Midlands
LN3,East Midlands
LN4,East Midlands
LN5,East Midlands
LN6,East Midlands
LN7,East Midlands
LN8,East Midlands
LN9,East Midlands
LS1,Yorkshire and the Humber
LS10,Yorkshire and the Humber
LS11,Yorkshire and the Humber
LS12,Yorkshire and the Humber
LS13,Yorkshire and the Humber
LS14,Yorkshire and the Humber
LS15,Yorkshire and the Humber
LS16,Yorkshire and the Humber
LS17,Yorkshire and the Humber
LS18,Yorkshire and the Humber
LS19,Yorkshire and the Humber
LS2,Yorkshire and the Humber
LS20,Yorkshire and the Humber
LS21,Yorkshire and the Humber
LS22,Yorkshire and the Humber
LS23,Yorkshire and the Humber
LS24,Yorkshire and the Humber
LS25,Yorkshire and the Humber
LS26,Yorkshire and the Humber
LS27,Yorkshire and the Humber
LS28,Yorkshire and the Humber
LS29,Yorkshire and the Humber
LS3,Yorkshire and the Humber
LS4,Yorkshire and the Humber
LS5,Yorkshire and the Humber
LS6,Yorkshire and the Humber
LS7,Yorkshire and the Humber
LS8,Yorkshire and the Humber
LS88,Yorkshire and the Humber
LS9,Yorkshire and the Humber
LS98,Yorkshire and the Humber
LS99,Yorkshire and the Humber
LU1,East of England
LU2,East of England
LU3,East of England
LU4,East of England
LU5,East of England
LU6,East of England
LU7,East of England
LU95,East of England
M1,North West England
M10,North West England
M11,North West England
M12,North West England
M13,North West England
M14,North West England
M15,North West England
M16,North West England
M17,North West England
M18,North West England
M19,North West England
M2,North West England
M20,North West England
M21,North West England
M22,North West England
M23,North West England
M24,North West England
M25,North West England
M26,North West England
M27,North West England
M28,North West England
M29,North West England
M3,North West England
M30,North West England
M31,North West England
M32,North West England
M33,North West England
M34,North West England
M35,North West England
M38,North West England
M4,North West England
M40,North West England
M41,North West England
M43,North West England
M44,North West England
M45,North West England
M46,North West England
M5,North West England
M50,North West England
M52,North West England
M6,North West England
M60,North West England
M61,North West England
M7,North West England
M8,North West England
M9,North West England
M90,North West England
M99,North West England
ME1,South East England
ME10,South East England
ME11,South East England
ME12,South East England
ME13,South East England
ME14,South East England
ME15,South East England
ME16,South East England
ME17,South East England
ME18,South East England
ME19,South East England
ME2,South East England
ME20,South East England
ME3,South East England
ME4,South East England
ME5,South East England
ME6,South East England
ME7,South East England
ME8,South East England
ME9,South East England
ME99,South East England
MK1,South East England
MK10,South East England
MK11,South East England
MK12,South East England
MK13,South East England
MK14,South East England
MK15,South East England
MK16,South East England
MK17,South East England
MK18,South East England
MK19,South East England
MK2,South East England
MK3,South East England
MK4,South East England
MK40,East of England
MK41,East of England
MK42,East of England
MK43,East of England
MK44,East of England
MK45,East of England
MK46,South East England
MK5,South East England
MK6,South East England
MK7,South East England
MK77,South East England
MK8,South East England
MK9,South East England
MK98,South East England
ML1,Scotland
ML10,Scotland
ML11,Scotland
ML12,Scotland
ML2,Scotland
ML3,Scotland
ML4,Scotland
ML5,Scotland
ML6,Scotland
ML7,Scotland
ML8,Scotland
ML9,Scotland
N1,London
N10,London
N11,London
N12,London
N13,London
N14,London
N15,London
N16,London
N17,London
N18,London
N19,London
N1C,London
N1P,London
N2,London
N20,London
N21,London
N22,London
N3,London
N4,London
N5,London
N6,London
N7,London
N8,London
N81,London
N9,London
NE1,North East England
NE10,North East England
NE11,North East England
NE12,North East England
NE13,North East England
NE15,North East England
NE16,North East England
NE17,North East England
NE18,North East England
NE19,North East England
NE2,North East England
NE20,North East England
NE21,North East England
NE22,North East England
NE23,North East England
NE24,North East England
NE25,North East England
NE26,North East England
NE27,North East England
NE28,North East England
NE29,North East England
NE3,North East England
NE30,North East England
NE31,North East England
NE32,North East England
NE33,North East England
NE34,North East England
NE35,North East England
NE36,North East England
NE37,North East England
NE38,North East England
NE39,North East England
NE4,North East England
NE40,North East England
NE41,North East England
NE42,North East England
NE43,North East England
NE44,North East England
NE45,North East England
NE46,North East England
NE47,North East England
NE48,North East England
NE49,North East England
NE5,North East England
NE6,North East England
NE61,North East England
NE62,North East England
NE63,North East England
NE64,North East England
NE65,North East England
NE66,North East England
NE67,North East England
NE68,North East England
NE69,North East England
NE7,North East England
NE70,North East England
NE71,North East England
NE8,North East England
NE82,North East England
NE83,North East England
NE85,North East England
NE88,North East England
NE89,North East England
NE9,North East England
NE92,North East England
NE98,North East England
NE99,North East England
NG1,East Midlands
NG10,East Midlands
NG11,East Midlands
NG12,East Midlands
NG13,East Midlands
NG14,East Midlands
NG15,East Midlands
NG16,East Midlands
NG17,East Midlands
NG18,East Midlands
NG19,East Midlands
NG2,East Midlands
NG20,East Midlands
NG21,East Midlands
NG22,East Midlands
NG23,East Midlands
NG24,East Midlands
NG25,East Midlands
NG3,East Midlands
NG31,East Midlands
NG32,East Midlands
NG33,East Midlands
NG34,East Midlands
NG4,East Midlands
NG5,East Midlands
NG6,East Midlands
NG7,East Midlands
NG70,East Midlands
NG8,East Midlands
NG80,East Midlands
NG9,East Midlands
NG90,East Midlands
NN1,East Midlands
NN10,East Midlands
NN11,East Midlands
NN12,East Midlands
NN13,East Midlands
NN14,East Midlands
NN15,East Midlands
NN16,East Midlands
NN17,East Midlands
NN18,East Midlands
NN2,East Midlands
NN29,East Midlands
NN3,East Midlands
NN4,East Midlands
NN5,East Midlands
NN6,East Midlands
NN7,East Midlands
NN8,East Midlands
NN9,East Midlands
NN99,East Midlands
NP1,Wales
NP10,Wales
NP11,Wales
NP12,Wales
NP13,Wales
NP15,Wales
NP16,Wales
NP18,Wales
NP19,Wales
NP2,Wales
NP20,Wales
NP22,Wales
NP23,Wales
NP24,Wales
NP25,Wales
NP26,Wales
NP3,Wales
NP4,Wales
NP44,Wales
NP5,Wales
NP6,Wales
NP7,Wales
NP8,Wales
NP9,Wales
NPT,Wales
NR1,East of England
NR10,East of England
NR11,East of England
NR12,East of England
NR13,East of England
NR14,East of England
NR15,East of England
NR16,East of England
NR17,East of England
NR18,East of England
NR19,East of England
NR2,East of England
NR20,East of England
NR21,East of England
NR22,East of England
NR23,East of England
NR24,East of England
NR25,East of England
NR26,East of England
NR27,East of England
NR28,East of England
NR29,East of England
NR3,East of England
NR30,East of England
NR31,East of England
NR32,East of England
NR33,East of England
NR34,East of England
NR35,East of England
NR4,East of England
NR5,East of England
NR6,East of England
NR7,East of England
NR8,East of England
NR9,East of England
NR99,East of England
NW1,London
NW10,London
NW11,London
NW1W,London
NW2,London
NW26,London
NW3,London
NW4,London
NW5,London
NW6,London
NW7,London
NW8,London
NW9,London
OL1,North West England
OL10,North West England
OL11,North West England
OL12,North West England
OL13,North West England
OL14,Yorkshire and the Humber
OL15,North West England
OL16,North West England
OL2,North West England
OL3,North West England
OL4,North West England
OL5,North West England
OL6,North West England
OL7,North West England
OL8,North West England
OL9,North West England
OL95,North West England
OX1,South East England
OX10,South East England
OX11,South East England
OX12,South East England
OX13,South East England
OX14,South East England
OX15,South East England
OX16,South East England
OX17,East Midlands
OX18,South East England
OX2,South East England
OX20,South East England
OX25,South East England
OX26,South East England
OX27,South East England
OX28,South East England
OX29,South East England
OX3,South East England
OX33,South East England
OX39,South East England
OX4,South East England
OX44,South East England
OX49,South East England
OX5,South East England
OX6,South East England
OX7,South East England
OX8,South East England
OX9,South East England
PA1,Scotland
PA10,Scotland
PA11,Scotland
PA12,Scotland
PA13,Scotland
PA14,Scotland
PA15,Scotland
PA16,Scotland
PA17,Scotland
PA18,Scotland
PA19,Scotland
PA2,Scotland
PA20,Scotland
PA21,Scotland
PA22,Scotland
PA23,Scotland
PA24,Scotland
PA25,Scotland
PA26,Scotland
PA27,Scotland
PA28,Scotland
PA29,Scotland
PA3,Scotland
PA30,Scotland
PA31,Scotland
PA32,Scotland
PA33,Scotland
PA34,Scotland
PA35,Scotland
PA36,Scotland
PA37,Scotland
PA38,Scotland
PA39,Scotland
PA4,Scotland
PA40,Scotland
PA41,Scotland
PA42,Scotland
PA43,Scotland
PA44,Scotland
PA45,Scotland
PA46,Scotland
PA47,Scotland
PA48,Scotland
PA49,Scotland
PA5,Scotland
PA6,Scotland
PA60,Scotland
PA61,Scotland
PA62,Scotland
PA63,Scotland
PA64,Scotland
PA65,Scotland
PA66,Scotland
PA67,Scotland
PA68,Scotland
PA69,Scotland
PA7,Scotland
PA70,Scotland
PA71,Scotland
PA72,Scotland
PA73,Scotland
PA74,Scotland
PA75,Scotland
PA76,Scotland
PA77,Scotland
PA78,Scotland
PA8,Scotland
PA80,Scotland
PA81,Scotland
PA82,Scotland
PA83,Scotland
PA84,Scotland
PA85,Scotland
PA86,Scotland
PA87,Scotland
PA88,Scotland
PA9,Scotland
PA98,Scotland
PE1,East of England
PE10,East Midlands
PE11,East Midlands
PE12,East Midlands
PE13,East of England
PE14,East of England
PE15,East of England
PE16,East of England
PE17,East of England
PE18,East of England
PE19,East of England
PE2,East of England
PE20,East Midlands
PE21,East Midlands
PE22,East Midlands
PE23,East Midlands
PE24,East Midlands
PE25,East Midlands
PE26,East of England
PE27,East of England
PE28,East of England
PE29,East of England
PE3,East of England
PE30,East of England
PE31,East of England
PE32,East of England
PE33,East of England
PE34,East of England
PE35,East of England
PE36,East of England
PE37,East of England
PE38,East of England
PE4,East of England
PE5,East of England
PE6,East Midlands
PE7,East of England
PE8,East Midlands
PE9,East Midlands
PE99,East of England
PH1,Scotland
PH10,Scotland
PH11,Scotland
PH12,Scotland
PH13,Scotland
PH14,Scotland
PH15,Scotland
PH16,Scotland
PH17,Scotland
PH18,Scotland
PH19,Scotland
PH2,Scotland
PH20,Scotland
PH21,Scotland
PH22,Scotland
PH23,Scotland
PH24,Scotland
PH25,Scotland
PH26,Scotland
PH3,Scotland
PH30,Scotland
PH31,Scotland
PH32,Scotland
PH33,Scotland
PH34,Scotland
PH35,Scotland
PH36,Scotland
PH37,Scotland
PH38,Scotland
PH39,Scotland
PH4,Scotland
PH40,Scotland
PH41,Scotland
PH42,Scotland
PH43,Scotland
PH44,Scotland
PH49,Scotland
PH5,Scotland
PH50,Scotland
PH6,Scotland
PH7,Scotland
PH8,Scotland
PH9,Scotland
PL1,South West England
PL10,South West England
PL11,South West England
PL12,South West England
PL13,South West England
PL14,South West England
PL15,South West England
PL16,South West England
PL17,South West England
PL18,South West England
PL19,South West England
PL2,South West England
PL20,South West England
PL21,South West England
PL22,South West England
PL23,South West England
PL24,South West England
PL25,South West England
PL26,South West England
PL27,South West England
PL28,South West England
PL29,South West England
PL3,South West England
PL30,South West England
PL31,South West England
PL32,South West England
PL33,South West England
PL34,South West England
PL35,South West England
PL4,South West England
PL5,South West England
PL6,South West England
PL7,South West England
PL8,South West England
PL9,South West England
PL95,South West England
PO1,South East England
PO10,South East England
PO11,South East England
PO12,South East England
PO13,South East England
PO14,South East England
PO15,South East England
PO16,South East England
PO17,South East England
PO18,South East England
PO19,South East England
PO2,South East England
PO20,South East England
PO21,South East England
PO22,South East England
PO3,South East England
PO30,South East England
PO31,South East England
PO32,South East England
PO33,South East England
PO34,South East England
PO35,South East England
PO36,South East England
PO37,South East England
PO38,South East England
PO39,South East England
PO4,South East England
PO40,South East England
PO41,South East England
PO5,South East England
PO6,South East England
PO7,South East England
PO8,South East England
PO9,South East England
PR0,North West England
PR1,North West England
PR11,North West England
PR2,North West England
PR25,North West England
PR26,North West England
PR3,North West England
PR4,North West England
PR5,North West England
PR6,North West England
PR7,North West England
PR8,North West England
PR9,North West England
RG1,South East England
RG10,South East England
RG11,South East England
RG12,South East England
RG13,South East England
RG14,South East England
RG15,South East England
RG16,South East England
RG17,South East England
RG18,South East England
RG19,South East England
RG2,South East England
RG20,South East England
RG21,South East England
RG22,South East England
RG23,South East England
RG24,South East England
RG25,South East England
RG26,South East England
RG27,South East England
RG28,South East England
RG29,South East England
RG3,South East England
RG30,South East England
RG31,South East England
RG4,South East England
RG40,South East England
RG41,South East England
RG42,South East England
RG45,South East England
RG5,South East England
RG6,South East England
RG7,South East England
RG8,South East England
RG9,South East England
RH1,South East England
RH10,South East England
RH11,South East England
RH12,South East England
RH13,South East England
RH14,South East England
RH15,South East England
RH16,South East England
RH17,South East England
RH18,South East England
RH19,South East England
RH2,South East England
RH20,South East England
RH3,South East England
RH4,South East England
RH5,South East England
RH6,South East England
RH7,South East England
RH77,South East England
RH8,South East England
RH9,South East England
RM1,London
RM10,London
RM11,London
RM12,London
RM13,London
RM14,London
RM15,East of England
RM16,East of England
RM17,East of England
RM18,East of England
RM19,East of England
RM2,London
RM20,East of England
RM3,London
RM4,East of England
RM5,London
RM50,London
RM6,London
RM7,London
RM8,London
RM9,London
S1,Yorkshire and the Humber
S10,Yorkshire and the Humber
S11,Yorkshire and the Humber
S12,Yorkshire and the Humber
S13,Yorkshire and the Humber
S14,Yorkshire and the Humber
S17,Yorkshire and the Humber
S18,East Midlands
S19,Yorkshire and the Humber
S2,Yorkshire and the Humber
S20,Yorkshire and the Humber
S21,East Midlands
S25,Yorkshire and the Humber
S26,Yorkshire and the Humber
S3,Yorkshire and the Humber
S30,Yorkshire and the Humber
S31,Yorkshire and the Humber
S32,East Midlands
S33,East Midlands
S35,Yorkshire and the Humber
S36,Yorkshire and the Humber
S4,Yorkshire and the Humber
S40,East Midlands
S41,East Midlands
S42,East Midlands
S43,East Midlands
S44,East Midlands
S45,East Midlands
S49,East Midlands
S5,Yorkshire and the Humber
S6,Yorkshire and the Humber
S60,Yorkshire and the Humber
S61,Yorkshire and the Humber
S62,Yorkshire and the Humber
S63,Yorkshire and the Humber
S64,Yorkshire and the Humber
S65,Yorkshire and the Humber
S66,Yorkshire and the Humber
S7,Yorkshire and the Humber
S70,Yorkshire and the Humber
S71,Yorkshire and the Humber
S72,Yorkshire and the Humber
S73,Yorkshire and the Humber
S74,Yorkshire and the Humber
S75,Yorkshire and the Humber
S8,Yorkshire and the Humber
S80,East Midlands
S81,East Midlands
S9,Yorkshire and the Humber
S95,Yorkshire and the Humber
S96,Yorkshire and the Humber
S97,Yorkshire and the Humber
S98,Yorkshire and the Humber
S99,Yorkshire and the Humber
SA1,Wales
SA10,Wales
SA11,Wales
SA12,Wales
SA13,Wales
SA14,Wales
SA15,Wales
SA16,Wales
SA17,Wales
SA18,Wales
SA19,Wales
SA2,Wales
SA20,Wales
SA3,Wales
SA31,Wales
SA32,Wales
SA33,Wales
SA34,Wales
SA35,Wales
SA36,Wales
SA37,Wales
SA38,Wales
SA39,Wales
SA4,Wales
SA40,Wales
SA41,Wales
SA42,Wales
SA43,Wales
SA44,Wales
SA45,Wales
SA46,Wales
SA47,Wales
SA48,Wales
SA5,Wales
SA6,Wales
SA61,Wales
SA62,Wales
SA63,Wales
SA64,Wales
SA65,Wales
SA66,Wales
SA67,Wales
SA68,Wales
SA69,Wales
SA7,Wales
SA70,Wales
SA71,Wales
SA72,Wales
SA73,Wales
SA8,Wales
SA80,Wales
SA9,Wales
SA99,Wales
SE1,London
SE10,London
SE11,London
SE12,London
SE13,London
SE14,London
SE15,London
SE16,London
SE17,London
SE18,London
SE19,London
SE1P,London
SE2,London
SE20,London
SE21,London
SE22,London
SE23,London
SE24,London
SE25,London
SE26,London
SE27,London
SE28,London
SE3,London
SE4,London
SE5,London
SE6,London
SE7,London
SE8,London
SE9,London
SE99,London
SG1,East of England
SG10,East of England
SG11,East of England
SG12,East of England
SG13,East of England
SG14,East of England
SG15,East of England
SG16,East of England
SG17,East of England
SG18,East of England
SG19,East of England
SG2,East of England
SG3,East of England
SG4,East of England
SG5,East of England
SG6,East of England
SG7,East of England
SG8,East of England
SG9,East of England
SK1,North West England
SK10,North West England
SK11,North West England
SK12,East Midlands
SK13,East Midlands
SK14,North West England
SK15,North West England
SK16,North West England
SK17,East Midlands
SK2,North West England
SK22,East Midlands
SK23,East Midlands
SK3,North West England
SK4,North West England
SK5,North West England
SK6,North West England
SK7,North West England
SK8,North West England
SK9,North West England
SL0,South East England
SL1,South East England
SL2,South East England
SL3,South East England
SL4,South East England
SL5,South East England
SL6,South East England
SL60,South East England
SL7,South East England
SL8,South East England
SL9,South East England
SL95,South East England
SM1,London
SM2,London
SM3,London
SM4,London
SM5,London
SM6,London
SM7,South East England
SN1,South West England
SN10,South West England
SN11,South West England
SN12,South West England
SN13,South West England
SN14,South West England
SN15,South West England
SN16,South West England
SN17,South West England
SN2,South West England
SN25,South West England
SN26,South West England
SN3,South West England
SN38,South West England
SN4,South West England
SN5,South West England
SN6,South West England
SN7,South East England
SN8,South West England
SN9,South West England
SN99,South West England
SO1,South East England
SO14,South East England
SO15,South East England
SO16,South East England
SO17,South East England
SO18,South East England
SO19,South East England
SO2,South East England
SO20,South East England
SO21,South East England
SO22,South East England
SO23,South East England
SO24,South East England
SO25,South East England
SO3,South East England
SO30,South East England
SO31,South East England
SO32,South East England
SO4,South East England
SO40,South East England
SO41,South East England
SO42,South East England
SO43,South East England
SO45,South East England
SO5,South East England
SO50,South East England
SO51,South East England
SO52,South East England
SO53,South East England
SO9,South East England
SO97,South East England
SP1,South West England
SP10,South East England
SP11,South East England
SP2,South West England
SP3,South West England
SP4,South West England
SP5,South West England
SP6,South East England
SP7,South West England
SP8,South West England
SP9,South West England
SR1,North East England
SR2,North East England
SR3,North East England
SR4,North East England
SR43,North East England
SR5,North East England
SR6,North East England
SR7,North East England
SR8,North East England
SR88,North East England
SR9,North East England
SS0,East of England
SS1,East of England
SS11,East of England
SS12,East of England
SS13,East of England
SS14,East of England
SS15,East of England
SS16,East of England
SS17,East of England
SS2,East of England
SS22,East of England
SS3,East of England
SS4,East of England
SS5,East of England
SS6,East of England
SS7,East of England
SS8,East of England
SS9,East of England
SS99,East of England
ST1,West Midlands
ST10,West Midlands
ST11,West Midlands
ST12,West Midlands
ST13,West Midlands
ST14,West Midlands
ST15,West Midlands
ST16,West Midlands
ST17,West Midlands
ST18,West Midlands
ST19,West Midlands
ST2,West Midlands
ST20,West Midlands
ST21,West Midlands
ST3,West Midlands
ST4,West Midlands
ST5,West Midlands
ST55,West Midlands
ST6,West Midlands
ST7,West Midlands
ST8,West Midlands
ST9,West Midlands
SW1,London
SW10,London
SW11,London
SW12,London
SW13,London
SW14,London
SW15,London
SW16,London
SW17,London
SW18,London
SW19,London
SW1A,London
SW1E,London
SW1H,London
SW1P,London
SW1V,London
SW1W,London
SW1X,London
SW1Y,London
SW2,London
SW20,London
SW3,London
SW4,London
SW5,London
SW6,London
SW7,London
SW8,London
SW9,London
SW95,London
SW99,London
SY1,West Midlands
SY10,West Midlands
SY11,West Midlands
SY12,West Midlands
SY13,West Midlands
SY14,North West England
SY15,Wales
SY16,Wales
SY17,Wales
SY18,Wales
SY19,Wales
SY2,West Midlands
SY20,Wales
SY21,Wales
SY22,Wales
SY23,Wales
SY24,Wales
SY25,Wales
SY3,West Midlands
SY4,West Midlands
SY5,West Midlands
SY6,West Midlands
SY7,West Midlands
SY8,West Midlands
SY9,West Midlands
SY99,West Midlands
TA1,South West England
TA10,South West England
TA11,South West England
TA12,South West England
TA13,South West England
TA14,South West England
TA15,South West England
TA16,South West England
TA17,South West England
TA18,South West England
TA19,South West England
TA2,South West England
TA20,South West England
TA21,South West England
TA22,South West England
TA23,South West England
TA24,South West England
TA3,South West England
TA4,South West England
TA5,South West England
TA6,South West England
TA7,South West England
TA8,South West England
TA9,South West England
TD1,Scotland
TD10,Scotland
TD11,Scotland
TD12,Scotland
TD13,Scotland
TD14,Scotland
TD15,North East England
TD2,Scotland
TD3,Scotland
TD4,Scotland
TD5,Scotland
TD6,Scotland
TD7,Scotland
TD8,Scotland
TD9,Scotland
TF1,West Midlands
TF10,West Midlands
TF11,West Midlands
TF12,West Midlands
TF13,West Midlands
TF2,West Midlands
TF3,West Midlands
TF4,West Midlands
TF5,West Midlands
TF6,West Midlands
TF7,West Midlands
TF8,West Midlands
TF9,West Midlands
TN1,South East England
TN10,South East England
TN11,South East England
TN12,South East England
TN13,South East England
TN14,South East England
TN15,South East England
TN16,London
TN17,South East England
TN18,South East England
TN19,South East England
TN2,South East England
TN20,South East England
TN21,South East England
TN22,South East England
TN23,South East England
TN24,South East England
TN25,South East England
TN26,South East England
TN27,South East England
TN28,South East England
TN29,South East England
TN3,South East England
TN30,South East England
TN31,South East England
TN32,South East England
TN33,South East England
TN34,South East England
TN35,South East England
TN36,South East England
TN37,South East England
TN38,South East England
TN39,South East England
TN4,South East England
TN40,South East England
TN5,South East England
TN6,South East England
TN7,South East England
TN8,South East England
TN9,South East England
TQ1,South West England
TQ10,South West England
TQ11,South West England
TQ12,South West England
TQ13,South West England
TQ14,South West England
TQ2,South West England
TQ3,South West England
TQ4,South West England
TQ5,South West England
TQ6,South West England
TQ7,South West England
TQ8,South West England
TQ9,South West England
TR1,South West England
TR10,South West England
TR11,South West England
TR12,South West England
TR13,South West England
TR14,South West England
TR15,South West England
TR16,South West England
TR17,South West England
TR18,South West England
TR19,South West England
TR2,South West England
TR20,South West England
TR21,South West England
TR22,South West England
TR23,South West England
TR24,South West England
TR25,South West England
TR26,South West England
TR27,South West England
TR3,South West England
TR4,South West England
TR5,South West England
TR6,South West England
TR7,South West England
TR8,South West England
TR9,South West England
TR93,South West England
TS1,North East England
TS10,North East England
TS11,North East England
TS12,North East England
TS13,North East England
TS14,North East England
TS15,North East England
TS16,North East England
TS17,North East England
TS18,North East England
TS19,North East England
TS2,North East England
TS20,North East England
TS21,North East England
TS22,North East England
TS23,North East England
TS24,North East England
TS25,North East England
TS26,North East England
TS27,North East England
TS28,North East England
TS29,North East England
TS3,North East England
TS4,North East England
TS5,North East England
TS6,North East England
TS7,North East England
TS8,North East England
TS9,Yorkshire and the Humber
TS90,North East England
TW1,London
TW10,London
TW11,London
TW12,London
TW13,London
TW14,London
TW15,South East England
TW16,South East England
TW17,South East England
TW18,South East England
TW19,South East England
TW2,London
TW20,South East England
TW3,London
TW4,London
TW5,London
TW6,London
TW7,London
TW8,London
TW9,London
UB1,London
UB10,London
UB11,London
UB18,London
UB2,London
UB3,London
UB4,London
UB5,London
UB6,London
UB7,London
UB8,London
UB9,London
W1,London
W10,London
W11,London
W12,London
W13,London
W14,London
W1A,London
W1B,London
W1C,London
W1D,London
W1F,London
W1G,London
W1H,London
W1J,London
W1K,London
W1M,London
W1N,London
W1P,London
W1R,London
W1S,London
W1T,London
W1U,London
W1V,London
W1W,London
W1X,London
W1Y,London
W2,London
W3,London
W4,London
W5,London
W6,London
W7,London
W8,London
W9,London
WA1,North West England
WA10,North West England
WA11,North West England
WA12,North West England
WA13,North West England
WA14,North West England
WA15,North West England
WA16,North West England
WA2,North West England
WA3,North West England
WA4,North West England
WA5,North West England
WA55,North West England
WA6,North West England
WA7,North West England
WA8,North West England
WA88,North West England
WA9,North West England
WC1A,London
WC1B,London
WC1E,London
WC1H,London
WC1N,London
WC1R,London
WC1V,London
WC1X,London
WC2A,London
WC2B,London
WC2E,London
WC2H,London
WC2N,London
WC2R,London
WC99,London
WD1,East of England
WD17,East of England
WD18,East of England
WD19,East of England
WD2,East of England
WD23,East of England
WD24,East of England
WD25,East of England
WD3,East of England
WD4,East of England
WD5,East of England
WD6,East of England
WD7,East of England
WD99,East of England
WF1,Yorkshire and the Humber
WF10,Yorkshire and the Humber
WF11,Yorkshire and the Humber
WF12,Yorkshire and the Humber
WF13,Yorkshire and the Humber
WF14,Yorkshire and the Humber
WF15,Yorkshire and the Humber
WF16,Yorkshire and the Humber
WF17,Yorkshire and the Humber
WF2,Yorkshire and the Humber
WF3,Yorkshire and the Humber
WF4,Yorkshire and the Humber
WF5,Yorkshire and the Humber
WF6,Yorkshire and the Humber
WF7,Yorkshire and the Humber
WF8,Yorkshire and the Humber
WF9,Yorkshire and the Humber
WF90,Yorkshire and the Humber
WN1,North West England
WN2,North West England
WN3,North West England
WN4,North West England
WN5,North West England
WN6,North West England
WN7,North West England
WN8,North West England
WR1,West Midlands
WR10,West Midlands
WR11,West Midlands
WR12,West Midlands
WR13,West Midlands
WR14,West Midlands
WR15,West Midlands
WR2,West Midlands
WR3,West Midlands
WR4,West Midlands
WR5,West Midlands
WR6,West Midlands
WR7,West Midlands
WR78,West Midlands
WR8,West Midlands
WR9,West Midlands
WR99,West Midlands
WS1,West Midlands
WS10,West Midlands
WS11,West Midlands
WS12,West Midlands
WS13,West Midlands
WS14,West Midlands
WS15,West Midlands
WS2,West Midlands
WS3,West Midlands
WS4,West Midlands
WS5,West Midlands
WS6,West Midlands
WS7,West Midlands
WS8,West Midlands
WS9,West Midlands
WV1,West Midlands
WV10,West Midlands
WV11,West Midlands
WV12,West Midlands
WV13,West Midlands
WV14,West Midlands
WV15,West Midlands
WV16,West Midlands
WV2,West Midlands
WV3,West Midlands
WV4,West Midlands
WV5,West Midlands
WV6,West Midlands
WV7,West Midlands
WV8,West Midlands
WV9,West Midlands
WV98,West Midlands
WV99,West Midlands
YO1,Yorkshire and the Humber
YO10,Yorkshire and the Humber
YO11,Yorkshire and the Humber
YO12,Yorkshire and the Humber
YO13,Yorkshire and the Humber
YO14,Yorkshire and the Humber
YO15,Yorkshire and the Humber
YO16,Yorkshire and the Humber
YO17,Yorkshire and the Humber
YO18,Yorkshire and the Humber
YO19,Yorkshire and the Humber
YO2,Yorkshire and the Humber
YO21,Yorkshire and the Humber
YO22,Yorkshire and the Humber
YO23,Yorkshire and the Humber
YO24,Yorkshire and the Humber
YO25,Yorkshire and the Humber
YO26,Yorkshire and the Humber
YO3,Yorkshire and the Humber
YO30,Yorkshire and the Humber
YO31,Yorkshire and the Humber
YO32,Yorkshire and the Humber
YO4,Yorkshire and the Humber
YO41,Yorkshire and the Humber
YO42,Yorkshire and the Humber
YO43,Yorkshire and the Humber
YO5,Yorkshire and the Humber
YO51,Yorkshire and the Humber
YO6,Yorkshire and the Humber
YO60,Yorkshire and the Humber
YO61,Yorkshire and the Humber
YO62,Yorkshire and the Humber
YO7,Yorkshire and the Humber
YO8,Yorkshire and the Humber
YO90,Yorkshire and the Humber
YO91,Yorkshire and the Humber
YO95,Yorkshire and the Humber
ZE1,Scotland
ZE2,Scotland
ZE3,Scotland